image_name,image_path,true_class_name,predicted_class_name,correct,top1_probability,runner_up_class_name,runner_up_probability,top1_top2_margin
bridge701.jpg,bridge/bridge701.jpg,bridge,bridge,True,0.6887801455356235,railway,0.1249191471113878,0.5638609984242358
bridge702.jpg,bridge/bridge702.jpg,bridge,bridge,True,0.689463447191481,overpass,0.1435007440664474,0.5459627031250336
bridge703.jpg,bridge/bridge703.jpg,bridge,bridge,True,0.6397606727198156,overpass,0.1706045058730718,0.4691561668467438
bridge704.jpg,bridge/bridge704.jpg,bridge,bridge,True,0.6209792487751729,overpass,0.1798567528164142,0.44112249595875863
bridge705.jpg,bridge/bridge705.jpg,bridge,bridge,True,0.6363228256663358,overpass,0.1562333564678556,0.48008946919848017
bridge706.jpg,bridge/bridge706.jpg,bridge,bridge,True,0.6591083549262875,overpass,0.1618277780996874,0.4972805768266001
bridge707.jpg,bridge/bridge707.jpg,bridge,bridge,True,0.6757977345383333,overpass,0.1527693842699012,0.5230283502684321
bridge708.jpg,bridge/bridge708.jpg,bridge,bridge,True,0.6736777922604278,freeway,0.118861650711804,0.5548161415486238
bridge709.jpg,bridge/bridge709.jpg,bridge,bridge,True,0.7066436204631863,freeway,0.1354149620653094,0.571228658397877
bridge710.jpg,bridge/bridge710.jpg,bridge,bridge,True,0.653651930386302,freeway,0.1561291224788633,0.4975228079074387
bridge711.jpg,bridge/bridge711.jpg,bridge,bridge,True,0.761702853396505,freeway,0.1139257110396411,0.6477771423568639
bridge712.jpg,bridge/bridge712.jpg,bridge,bridge,True,0.6505895178163972,freeway,0.1430763115827812,0.507513206233616
bridge713.jpg,bridge/bridge713.jpg,bridge,bridge,True,0.6859991847938524,freeway,0.1684301547225387,0.5175690300713136
bridge714.jpg,bridge/bridge714.jpg,bridge,bridge,True,0.7859423818593594,freeway,0.0917480376490355,0.6941943442103239
bridge715.jpg,bridge/bridge715.jpg,bridge,bridge,True,0.69716045545661,freeway,0.1491538753246359,0.5480065801319741
bridge716.jpg,bridge/bridge716.jpg,bridge,bridge,True,0.8156367360951223,freeway,0.0785218573001711,0.7371148787949512
bridge717.jpg,bridge/bridge717.jpg,bridge,bridge,True,0.7761365606165349,freeway,0.0881424832216802,0.6879940773948547
bridge718.jpg,bridge/bridge718.jpg,bridge,bridge,True,0.7001790579768864,railway,0.1169178544092994,0.583261203567587
bridge719.jpg,bridge/bridge719.jpg,bridge,bridge,True,0.7279165363694927,freeway,0.1088723787750622,0.6190441575944305
bridge720.jpg,bridge/bridge720.jpg,bridge,bridge,True,0.7917832373643504,freeway,0.0874771380064443,0.7043060993579061
bridge721.jpg,bridge/bridge721.jpg,bridge,bridge,True,0.5778612705182343,railway,0.2144387693994803,0.363422501118754
bridge722.jpg,bridge/bridge722.jpg,bridge,bridge,True,0.5730447438101736,railway,0.1802664408440365,0.392778302966137
bridge723.jpg,bridge/bridge723.jpg,bridge,bridge,True,0.6480773234427007,railway,0.172822311277157,0.4752550121655438
bridge724.jpg,bridge/bridge724.jpg,bridge,bridge,True,0.687618481405149,railway,0.1354480097820926,0.5521704716230564
bridge725.jpg,bridge/bridge725.jpg,bridge,bridge,True,0.7221386040764423,freeway,0.1080081884822761,0.6141304155941661
bridge726.jpg,bridge/bridge726.jpg,bridge,bridge,True,0.7151079484661729,railway,0.1130122526375101,0.6020956958286627
bridge727.jpg,bridge/bridge727.jpg,bridge,bridge,True,0.7194647483076794,railway,0.107608273999857,0.6118564743078224
bridge728.jpg,bridge/bridge728.jpg,bridge,bridge,True,0.7455747900853851,freeway,0.0945309324269426,0.6510438576584425
bridge729.jpg,bridge/bridge729.jpg,bridge,bridge,True,0.676763296932566,railway,0.1488323887174213,0.5279309082151447
bridge730.jpg,bridge/bridge730.jpg,bridge,bridge,True,0.7017763636229385,railway,0.1308296089963236,0.5709467546266149
bridge731.jpg,bridge/bridge731.jpg,bridge,bridge,True,0.7764970485485166,railway,0.093176151484413,0.6833208970641036
bridge732.jpg,bridge/bridge732.jpg,bridge,bridge,True,0.7724295742434101,railway,0.0901706005918964,0.6822589736515137
bridge733.jpg,bridge/bridge733.jpg,bridge,bridge,True,0.7813417656638907,railway,0.086323549429668,0.6950182162342227
bridge734.jpg,bridge/bridge734.jpg,bridge,bridge,True,0.7575749898054484,railway,0.1043241973549548,0.6532507924504936
bridge735.jpg,bridge/bridge735.jpg,bridge,bridge,True,0.7624820554069829,railway,0.0966745991295806,0.6658074562774023
bridge736.jpg,bridge/bridge736.jpg,bridge,bridge,True,0.780902385559786,railway,0.0963209091462995,0.6845814764134864
bridge737.jpg,bridge/bridge737.jpg,bridge,bridge,True,0.8076457545871493,railway,0.0821547150089116,0.7254910395782377
bridge738.jpg,bridge/bridge738.jpg,bridge,bridge,True,0.7378179827863087,railway,0.1134342661359001,0.6243837166504086
bridge739.jpg,bridge/bridge739.jpg,bridge,bridge,True,0.8048480933364761,railway,0.0865054197476062,0.7183426735888699
bridge740.jpg,bridge/bridge740.jpg,bridge,bridge,True,0.7836061467407129,railway,0.0993529102793553,0.6842532364613576
bridge741.jpg,bridge/bridge741.jpg,bridge,bridge,True,0.7778887366670763,railway,0.0908078805206688,0.6870808561464075
bridge742.jpg,bridge/bridge742.jpg,bridge,bridge,True,0.7626872794829431,railway,0.1273556555912882,0.6353316238916549
bridge743.jpg,bridge/bridge743.jpg,bridge,bridge,True,0.7168298350061683,railway,0.1859645454658241,0.5308652895403442
bridge744.jpg,bridge/bridge744.jpg,bridge,bridge,True,0.6041605215944684,overpass,0.2304575558675017,0.3737029657269667
bridge745.jpg,bridge/bridge745.jpg,bridge,bridge,True,0.7475044179408535,overpass,0.1181320345416004,0.6293723833992532
bridge746.jpg,bridge/bridge746.jpg,bridge,bridge,True,0.6830957755453162,overpass,0.1631619861052514,0.5199337894400649
bridge747.jpg,bridge/bridge747.jpg,bridge,bridge,True,0.404968142955553,overpass,0.3160754636026589,0.08889267935289408
bridge748.jpg,bridge/bridge748.jpg,bridge,bridge,True,0.3711238339298413,overpass,0.3324170255874208,0.03870680834242046
bridge749.jpg,bridge/bridge749.jpg,bridge,bridge,True,0.3369446657614275,overpass,0.3369446657614275,0.0
bridge750.jpg,bridge/bridge750.jpg,bridge,bridge,True,0.3250057911794305,overpass,0.27551023185486,0.049495559324570504
bridge751.jpg,bridge/bridge751.jpg,bridge,bridge,True,0.3376243582258749,overpass,0.3376243582258749,0.0
bridge752.jpg,bridge/bridge752.jpg,bridge,bridge,True,0.6958714958427819,overpass,0.1616990697142783,0.5341724261285036
bridge753.jpg,bridge/bridge753.jpg,bridge,bridge,True,0.7302926466810469,overpass,0.1324479815424371,0.5978446651386098
bridge754.jpg,bridge/bridge754.jpg,bridge,bridge,True,0.7152289747162538,overpass,0.1261928068301734,0.5890361678860804
bridge755.jpg,bridge/bridge755.jpg,bridge,bridge,True,0.71417117041953,overpass,0.1486432532168017,0.5655279172027283
bridge756.jpg,bridge/bridge756.jpg,bridge,bridge,True,0.7330652371213064,overpass,0.112703565300168,0.6203616718211384
bridge757.jpg,bridge/bridge757.jpg,bridge,bridge,True,0.6778051198851214,overpass,0.1298886018405555,0.5479165180445659
bridge758.jpg,bridge/bridge758.jpg,bridge,bridge,True,0.7343029153660559,overpass,0.1192856172125197,0.6150172981535361
bridge759.jpg,bridge/bridge759.jpg,bridge,bridge,True,0.6951556487794838,freeway,0.1160790297835163,0.5790766189959675
bridge760.jpg,bridge/bridge760.jpg,bridge,bridge,True,0.7066724455694023,freeway,0.1116791426271525,0.5949933029422498
bridge761.jpg,bridge/bridge761.jpg,bridge,bridge,True,0.6867497665965727,overpass,0.1245509191744358,0.5621988474221369
bridge762.jpg,bridge/bridge762.jpg,bridge,bridge,True,0.7035095281402548,overpass,0.12759051028057,0.5759190178596848
bridge763.jpg,bridge/bridge763.jpg,bridge,bridge,True,0.7312041890012104,overpass,0.1220985228862319,0.6091056661149785
bridge764.jpg,bridge/bridge764.jpg,bridge,bridge,True,0.7016596583692348,overpass,0.1344598754417027,0.5671997829275321
bridge765.jpg,bridge/bridge765.jpg,bridge,bridge,True,0.7010868637427118,overpass,0.1541815888604498,0.546905274882262
bridge766.jpg,bridge/bridge766.jpg,bridge,bridge,True,0.7274594580638702,overpass,0.1088040197539292,0.6186554383099411
bridge767.jpg,bridge/bridge767.jpg,bridge,bridge,True,0.7410243291437933,overpass,0.1237383044771923,0.617286024666601
bridge768.jpg,bridge/bridge768.jpg,bridge,bridge,True,0.6833410712326362,freeway,0.1141062037618943,0.5692348674707419
bridge769.jpg,bridge/bridge769.jpg,bridge,bridge,True,0.6876184928203424,overpass,0.1354480059756748,0.5521704868446675
bridge770.jpg,bridge/bridge770.jpg,bridge,bridge,True,0.7433615645708809,overpass,0.1111824487933829,0.632179115777498
bridge771.jpg,bridge/bridge771.jpg,bridge,bridge,True,0.7648957808455764,overpass,0.0969806337929936,0.6679151470525828
bridge772.jpg,bridge/bridge772.jpg,bridge,bridge,True,0.7656635641920944,overpass,0.105438059404241,0.6602255047878534
bridge773.jpg,bridge/bridge773.jpg,bridge,bridge,True,0.7046008995202967,freeway,0.1083273742704914,0.5962735252498053
bridge774.jpg,bridge/bridge774.jpg,bridge,bridge,True,0.6723513120698259,overpass,0.1399391216981432,0.5324121903716827
bridge775.jpg,bridge/bridge775.jpg,bridge,bridge,True,0.7704153143653862,overpass,0.1060924153784762,0.66432289898691
bridge776.jpg,bridge/bridge776.jpg,bridge,bridge,True,0.7450815800982308,overpass,0.1054683504219065,0.6396132296763243
bridge777.jpg,bridge/bridge777.jpg,bridge,bridge,True,0.6607930815833598,overpass,0.1493774535231023,0.5114156280602575
bridge778.jpg,bridge/bridge778.jpg,bridge,bridge,True,0.8020621563899069,overpass,0.0838645617365503,0.7181975946533565
bridge779.jpg,bridge/bridge779.jpg,bridge,bridge,True,0.7678702437341611,overpass,0.0947134511951141,0.673156792539047
bridge780.jpg,bridge/bridge780.jpg,bridge,bridge,True,0.7851006054140692,overpass,0.091649764918696,0.6934508404953732
bridge781.jpg,bridge/bridge781.jpg,bridge,bridge,True,0.7442193403737494,overpass,0.0997014554275535,0.6445178849461959
bridge782.jpg,bridge/bridge782.jpg,bridge,bridge,True,0.7081293926762486,overpass,0.1182454199753823,0.5898839727008663
bridge783.jpg,bridge/bridge783.jpg,bridge,bridge,True,0.7578124520585013,overpass,0.1015224936878883,0.656289958370613
bridge784.jpg,bridge/bridge784.jpg,bridge,bridge,True,0.7616446163096209,overpass,0.0992645107888915,0.6623801055207293
bridge785.jpg,bridge/bridge785.jpg,bridge,bridge,True,0.7738988048529531,overpass,0.0878883509466988,0.6860104539062544
bridge786.jpg,bridge/bridge786.jpg,bridge,bridge,True,0.7885907057680309,overpass,0.0871244285752315,0.7014662771927994
bridge787.jpg,bridge/bridge787.jpg,bridge,bridge,True,0.7527228154266565,overpass,0.1036560168262778,0.6490667986003787
bridge788.jpg,bridge/bridge788.jpg,bridge,bridge,True,0.7673860706560566,overpass,0.1056752640369851,0.6617108066190714
bridge789.jpg,bridge/bridge789.jpg,bridge,bridge,True,0.7474672584726093,overpass,0.1001365749749423,0.647330683497667
bridge790.jpg,bridge/bridge790.jpg,bridge,bridge,True,0.7472367806269969,overpass,0.105773428146796,0.6414633524802009
bridge791.jpg,bridge/bridge791.jpg,bridge,bridge,True,0.7555537492600531,overpass,0.1194041160472392,0.6361496332128139
bridge792.jpg,bridge/bridge792.jpg,bridge,bridge,True,0.739770697768865,overpass,0.1106453698877819,0.6291253278810831
bridge793.jpg,bridge/bridge793.jpg,bridge,bridge,True,0.5338326192271755,overpass,0.2036309133730417,0.3302017058541338
bridge794.jpg,bridge/bridge794.jpg,bridge,bridge,True,0.5896301711771506,overpass,0.17077697887396,0.4188531923031905
bridge795.jpg,bridge/bridge795.jpg,bridge,bridge,True,0.6322902268403587,overpass,0.1316010485820005,0.5006891782583582
bridge796.jpg,bridge/bridge796.jpg,bridge,bridge,True,0.724459554066002,railway,0.1144901392375415,0.6099694148284606
bridge797.jpg,bridge/bridge797.jpg,bridge,bridge,True,0.7166778091127984,railway,0.1411721656076236,0.5755056435051749
bridge798.jpg,bridge/bridge798.jpg,bridge,bridge,True,0.6993218350785262,railway,0.1415992889193553,0.5577225461591708
bridge799.jpg,bridge/bridge799.jpg,bridge,bridge,True,0.7092981275141996,railway,0.1559873885425013,0.5533107389716984
bridge800.jpg,bridge/bridge800.jpg,bridge,bridge,True,0.6862630868172712,railway,0.1428346340656683,0.5434284527516029
freeway701.jpg,freeway/freeway701.jpg,freeway,freeway,True,0.7263116028723834,bridge,0.1391839486113322,0.5871276542610512
freeway702.jpg,freeway/freeway702.jpg,freeway,freeway,True,0.7456771368549694,railway,0.1055526594130577,0.6401244774419117
freeway703.jpg,freeway/freeway703.jpg,freeway,freeway,True,0.8070491049317532,bridge,0.0891637289077964,0.7178853760239567
freeway704.jpg,freeway/freeway704.jpg,freeway,freeway,True,0.7951270377108128,bridge,0.0808812958007856,0.7142457419100272
freeway705.jpg,freeway/freeway705.jpg,freeway,freeway,True,0.8418981616121919,bridge,0.0788486747225363,0.7630494868896556
freeway706.jpg,freeway/freeway706.jpg,freeway,freeway,True,0.808328496862004,bridge,0.0799909003054418,0.7283375965565623
freeway707.jpg,freeway/freeway707.jpg,freeway,freeway,True,0.7900857260575593,railway,0.094806737285539,0.6952789887720203
freeway708.jpg,freeway/freeway708.jpg,freeway,freeway,True,0.6617778683468283,railway,0.197024743396719,0.4647531249501093
freeway709.jpg,freeway/freeway709.jpg,freeway,freeway,True,0.8240944289427127,railway,0.0750849606183887,0.749009468324324
freeway710.jpg,freeway/freeway710.jpg,freeway,freeway,True,0.8517130664128808,bridge,0.0605674356031388,0.791145630809742
freeway711.jpg,freeway/freeway711.jpg,freeway,freeway,True,0.8041341995290288,railway,0.0938716796778454,0.7102625198511834
freeway712.jpg,freeway/freeway712.jpg,freeway,freeway,True,0.8468239981486594,railway,0.077155897881512,0.7696681002671474
freeway713.jpg,freeway/freeway713.jpg,freeway,freeway,True,0.8139107879018728,bridge,0.0950129684410884,0.7188978194607843
freeway714.jpg,freeway/freeway714.jpg,freeway,freeway,True,0.8566307360563158,bridge,0.0643661226557626,0.7922646134005532
freeway715.jpg,freeway/freeway715.jpg,freeway,freeway,True,0.8376259183714327,bridge,0.0784485600623578,0.759177358309075
freeway716.jpg,freeway/freeway716.jpg,freeway,freeway,True,0.863734116541903,bridge,0.0667118101101189,0.7970223064317841
freeway717.jpg,freeway/freeway717.jpg,freeway,freeway,True,0.8826942127258571,bridge,0.0532111754631062,0.829483037262751
freeway718.jpg,freeway/freeway718.jpg,freeway,freeway,True,0.8803989388908046,bridge,0.0592526344575623,0.8211463044332422
freeway719.jpg,freeway/freeway719.jpg,freeway,freeway,True,0.9024117501649608,bridge,0.052922257335786,0.8494894928291747
freeway720.jpg,freeway/freeway720.jpg,freeway,freeway,True,0.7660591349527542,bridge,0.0971281303543731,0.6689310045983812
freeway721.jpg,freeway/freeway721.jpg,freeway,freeway,True,0.8075251555483959,bridge,0.0917071492635839,0.715818006284812
freeway722.jpg,freeway/freeway722.jpg,freeway,freeway,True,0.7592862825666951,bridge,0.1045598593116699,0.6547264232550252
freeway723.jpg,freeway/freeway723.jpg,freeway,freeway,True,0.7285683830883616,bridge,0.1285463673029854,0.6000220157853762
freeway724.jpg,freeway/freeway724.jpg,freeway,freeway,True,0.6288774431537014,bridge,0.1771971699790874,0.451680273174614
freeway725.jpg,freeway/freeway725.jpg,freeway,freeway,True,0.665179273155301,bridge,0.1588825122724228,0.5062967608828782
freeway726.jpg,freeway/freeway726.jpg,freeway,freeway,True,0.7232543747607043,bridge,0.1464451811271422,0.5768091936335621
freeway727.jpg,freeway/freeway727.jpg,freeway,freeway,True,0.6728040751260879,bridge,0.1844252895716109,0.488378785554477
freeway728.jpg,freeway/freeway728.jpg,freeway,freeway,True,0.8301557204329849,bridge,0.0868020616916418,0.7433536587413431
freeway729.jpg,freeway/freeway729.jpg,freeway,freeway,True,0.8539915014182184,bridge,0.0696937662683191,0.7842977351498993
freeway730.jpg,freeway/freeway730.jpg,freeway,freeway,True,0.7708802309148618,bridge,0.1152983296094732,0.6555819013053886
freeway731.jpg,freeway/freeway731.jpg,freeway,freeway,True,0.8012977736077833,bridge,0.090999943201752,0.7102978304060313
freeway732.jpg,freeway/freeway732.jpg,freeway,freeway,True,0.7523700948894153,bridge,0.1094734389857924,0.6428966559036229
freeway733.jpg,freeway/freeway733.jpg,freeway,freeway,True,0.7528521390130544,bridge,0.118977157566309,0.6338749814467454
freeway734.jpg,freeway/freeway734.jpg,freeway,freeway,True,0.6891831062683736,bridge,0.1692118980792745,0.5199712081890991
freeway735.jpg,freeway/freeway735.jpg,freeway,freeway,True,0.6952918018717189,bridge,0.166075093359281,0.529216708512438
freeway736.jpg,freeway/freeway736.jpg,freeway,freeway,True,0.7801479792276462,bridge,0.1232908765275853,0.6568571027000609
freeway737.jpg,freeway/freeway737.jpg,freeway,freeway,True,0.6546194255636671,bridge,0.1844504162600344,0.47016900930363276
freeway738.jpg,freeway/freeway738.jpg,freeway,freeway,True,0.8905492995819686,bridge,0.0551835222745623,0.8353657773074064
freeway739.jpg,freeway/freeway739.jpg,freeway,freeway,True,0.7830005264747438,bridge,0.0889220008584666,0.6940785256162773
freeway740.jpg,freeway/freeway740.jpg,freeway,freeway,True,0.8334694947588522,bridge,0.0680189778570452,0.765450516901807
freeway741.jpg,freeway/freeway741.jpg,freeway,freeway,True,0.7904854720127491,bridge,0.0897720392693674,0.7007134327433817
freeway742.jpg,freeway/freeway742.jpg,freeway,freeway,True,0.7207581720975088,bridge,0.113905187056506,0.6068529850410028
freeway743.jpg,freeway/freeway743.jpg,freeway,freeway,True,0.6795154815741997,bridge,0.1266795901373766,0.5528358914368231
freeway744.jpg,freeway/freeway744.jpg,freeway,freeway,True,0.6981287614982635,railway,0.1266146389752201,0.5715141225230435
freeway745.jpg,freeway/freeway745.jpg,freeway,freeway,True,0.8954629485338572,bridge,0.0525147463107966,0.8429482022230607
freeway746.jpg,freeway/freeway746.jpg,freeway,freeway,True,0.828344307484653,railway,0.0754721759079811,0.752872131576672
freeway747.jpg,freeway/freeway747.jpg,freeway,freeway,True,0.74130424083082,railway,0.1237850504432056,0.6175191903876144
freeway748.jpg,freeway/freeway748.jpg,freeway,freeway,True,0.8097156124099434,railway,0.0823652671629197,0.7273503452470237
freeway749.jpg,freeway/freeway749.jpg,freeway,freeway,True,0.8374831842100923,bridge,0.074232343527419,0.7632508406826732
freeway750.jpg,freeway/freeway750.jpg,freeway,freeway,True,0.817500078576778,bridge,0.0724610992034404,0.7450389793733376
freeway751.jpg,freeway/freeway751.jpg,freeway,freeway,True,0.6969091869420505,bridge,0.1491001199466972,0.5478090669953533
freeway752.jpg,freeway/freeway752.jpg,freeway,freeway,True,0.605300579010377,bridge,0.2068112329804945,0.3984893460298825
freeway753.jpg,freeway/freeway753.jpg,freeway,freeway,True,0.8075193750253555,bridge,0.1052433347276499,0.7022760402977056
freeway754.jpg,freeway/freeway754.jpg,freeway,freeway,True,0.7002161490123437,bridge,0.1539901076474317,0.546226041364912
freeway755.jpg,freeway/freeway755.jpg,freeway,freeway,True,0.7567478467375983,bridge,0.1263638724955526,0.6303839742420457
freeway756.jpg,freeway/freeway756.jpg,freeway,freeway,True,0.7200222872554197,railway,0.1047666708112023,0.6152556164442174
freeway757.jpg,freeway/freeway757.jpg,freeway,freeway,True,0.7195478371660597,bridge,0.1304992679972217,0.5890485691688381
freeway758.jpg,freeway/freeway758.jpg,freeway,freeway,True,0.7675975430278701,bridge,0.1213074580455473,0.6462900849823228
freeway759.jpg,freeway/freeway759.jpg,freeway,freeway,True,0.7842122071767628,railway,0.1141066165683082,0.6701055906084545
freeway760.jpg,freeway/freeway760.jpg,freeway,freeway,True,0.7887730492552152,bridge,0.0972917313919387,0.6914813178632765
freeway761.jpg,freeway/freeway761.jpg,freeway,freeway,True,0.7862684039582213,bridge,0.0996904635563691,0.6865779404018522
freeway762.jpg,freeway/freeway762.jpg,freeway,freeway,True,0.75266809349088,bridge,0.1125743995269257,0.6400936939639543
freeway763.jpg,freeway/freeway763.jpg,freeway,freeway,True,0.7723429274259058,bridge,0.1006588202982941,0.6716841071276117
freeway764.jpg,freeway/freeway764.jpg,freeway,freeway,True,0.7612304572157388,railway,0.0965159055021637,0.6647145517135751
freeway765.jpg,freeway/freeway765.jpg,freeway,freeway,True,0.6130775858572193,railway,0.1505260663373867,0.4625515195198326
freeway766.jpg,freeway/freeway766.jpg,freeway,freeway,True,0.5596850822397483,overpass,0.1577010127751133,0.40198406946463505
freeway767.jpg,freeway/freeway767.jpg,freeway,freeway,True,0.5473639151370623,railway,0.1769951655861635,0.3703687495508988
freeway768.jpg,freeway/freeway768.jpg,freeway,freeway,True,0.6610332488302533,overpass,0.176277253279542,0.48475599555071125
freeway769.jpg,freeway/freeway769.jpg,freeway,freeway,True,0.8145062691551087,bridge,0.0851657378691309,0.7293405312859778
freeway770.jpg,freeway/freeway770.jpg,freeway,freeway,True,0.7339458221244511,bridge,0.1038920562970438,0.6300537658274074
freeway771.jpg,freeway/freeway771.jpg,freeway,freeway,True,0.7837066800185987,bridge,0.1049914904808,0.6787151895377986
freeway772.jpg,freeway/freeway772.jpg,freeway,freeway,True,0.7006866273408732,railway,0.1380221947914252,0.562664432549448
freeway773.jpg,freeway/freeway773.jpg,freeway,freeway,True,0.7484597123848511,bridge,0.1284692112883151,0.619990501096536
freeway774.jpg,freeway/freeway774.jpg,freeway,freeway,True,0.8287473629700255,bridge,0.0734580251147291,0.7552893378552964
freeway775.jpg,freeway/freeway775.jpg,freeway,freeway,True,0.7297694221577042,bridge,0.1185491576184568,0.6112202645392475
freeway776.jpg,freeway/freeway776.jpg,freeway,freeway,True,0.6447204013278233,bridge,0.1269978922757213,0.5177225090521019
freeway777.jpg,freeway/freeway777.jpg,freeway,freeway,True,0.7263300119135047,bridge,0.1086350901214987,0.6176949217920059
freeway778.jpg,freeway/freeway778.jpg,freeway,freeway,True,0.7505740291478415,bridge,0.1005527793386573,0.6500212498091842
freeway779.jpg,freeway/freeway779.jpg,freeway,freeway,True,0.7616412803354187,railway,0.091393519342453,0.6702477609929657
freeway780.jpg,freeway/freeway780.jpg,freeway,freeway,True,0.6586064427031888,bridge,0.1227815907059625,0.5358248519972263
freeway781.jpg,freeway/freeway781.jpg,freeway,freeway,True,0.6185019318933453,bridge,0.1477333043353458,0.47076862755799953
freeway782.jpg,freeway/freeway782.jpg,freeway,freeway,True,0.8308648681911972,overpass,0.0716454466520627,0.7592194215391345
freeway783.jpg,freeway/freeway783.jpg,freeway,freeway,True,0.7037029236209624,bridge,0.1547569004790266,0.5489460231419359
freeway784.jpg,freeway/freeway784.jpg,freeway,freeway,True,0.7091324372030223,bridge,0.1217188911527013,0.587413546050321
freeway785.jpg,freeway/freeway785.jpg,freeway,freeway,True,0.8070095029448988,bridge,0.0715312373637025,0.7354782655811963
freeway786.jpg,freeway/freeway786.jpg,freeway,freeway,True,0.7073434097868573,bridge,0.1513324544854818,0.5560109553013755
freeway787.jpg,freeway/freeway787.jpg,freeway,freeway,True,0.6738367891395917,bridge,0.1327332814855565,0.5411035076540351
freeway788.jpg,freeway/freeway788.jpg,freeway,freeway,True,0.7690451825102641,railway,0.0826572976169395,0.6863878848933246
freeway789.jpg,freeway/freeway789.jpg,freeway,freeway,True,0.761780876762347,overpass,0.1237493302006374,0.6380315465617096
freeway790.jpg,freeway/freeway790.jpg,freeway,freeway,True,0.845728594706622,bridge,0.0749631931552573,0.7707654015513646
freeway791.jpg,freeway/freeway791.jpg,freeway,freeway,True,0.7052286885883084,bridge,0.1279023116906665,0.577326376897642
freeway792.jpg,freeway/freeway792.jpg,freeway,freeway,True,0.7027734704794996,railway,0.1110629638912553,0.5917105065882442
freeway793.jpg,freeway/freeway793.jpg,freeway,freeway,True,0.7251732174064972,bridge,0.1146029231945801,0.6105702942119171
freeway794.jpg,freeway/freeway794.jpg,freeway,freeway,True,0.7244785337885359,railway,0.1176896682230835,0.6067888655654524
freeway795.jpg,freeway/freeway795.jpg,freeway,freeway,True,0.8153382989698703,railway,0.0703065911661425,0.7450317078037278
freeway796.jpg,freeway/freeway796.jpg,freeway,freeway,True,0.8101552037274621,bridge,0.0661163175574964,0.7440388861699657
freeway797.jpg,freeway/freeway797.jpg,freeway,freeway,True,0.7424043827846978,railway,0.0994583124488387,0.642946070335859
freeway798.jpg,freeway/freeway798.jpg,freeway,freeway,True,0.8222423207734789,bridge,0.0652801777247894,0.7569621430486895
freeway799.jpg,freeway/freeway799.jpg,freeway,freeway,True,0.7869682401516267,railway,0.0845836829050396,0.7023845572465871
freeway800.jpg,freeway/freeway800.jpg,freeway,freeway,True,0.7444153162168716,bridge,0.0970190361884127,0.647396280028459
overpass701.jpg,overpass/overpass701.jpg,overpass,overpass,True,0.7481526166839253,freeway,0.0948577846571172,0.6532948320268082
overpass702.jpg,overpass/overpass702.jpg,overpass,overpass,True,0.708199256578396,freeway,0.1088805960618018,0.5993186605165942
overpass703.jpg,overpass/overpass703.jpg,overpass,overpass,True,0.594421291951693,freeway,0.2395801166802367,0.3548411752714563
overpass704.jpg,overpass/overpass704.jpg,overpass,overpass,True,0.798483980080634,freeway,0.0882174412687665,0.7102665388118675
overpass705.jpg,overpass/overpass705.jpg,overpass,overpass,True,0.5218659449758916,railway,0.2413847539817505,0.28048119099414104
overpass706.jpg,overpass/overpass706.jpg,overpass,overpass,True,0.7187723613509606,railway,0.1233735265942977,0.5953988347566629
overpass707.jpg,overpass/overpass707.jpg,overpass,overpass,True,0.5593265521442414,railway,0.18591291539152,0.37341363675272143
overpass708.jpg,overpass/overpass708.jpg,overpass,overpass,True,0.6550241189947186,railway,0.1290275266798295,0.525996592314889
overpass709.jpg,overpass/overpass709.jpg,overpass,overpass,True,0.731706560606565,freeway,0.1094392434096108,0.6222673171969543
overpass710.jpg,overpass/overpass710.jpg,overpass,overpass,True,0.6691416144160653,railway,0.1784394945676314,0.4907021198484339
overpass711.jpg,overpass/overpass711.jpg,overpass,overpass,True,0.7164584014284577,railway,0.1264097212252093,0.5900486802032484
overpass712.jpg,overpass/overpass712.jpg,overpass,overpass,True,0.8518341831536698,freeway,0.0605760557371982,0.7912581274164716
overpass713.jpg,overpass/overpass713.jpg,overpass,overpass,True,0.7364280572208217,freeway,0.1014120999139938,0.6350159573068279
overpass714.jpg,overpass/overpass714.jpg,overpass,overpass,True,0.6992521216220863,freeway,0.1075050377312339,0.5917470838908524
overpass715.jpg,overpass/overpass715.jpg,overpass,overpass,True,0.5361597285180218,bridge,0.2102285566713775,0.32593117184664433
overpass716.jpg,overpass/overpass716.jpg,overpass,overpass,True,0.5933563248519501,bridge,0.1671884714011164,0.42616785345083374
overpass717.jpg,overpass/overpass717.jpg,overpass,overpass,True,0.5437586816889296,railway,0.1758293722704839,0.3679293094184457
overpass718.jpg,overpass/overpass718.jpg,overpass,overpass,True,0.7441634192904808,railway,0.0943519969089177,0.6498114223815631
overpass719.jpg,overpass/overpass719.jpg,overpass,overpass,True,0.6488217649824815,freeway,0.1388120541210672,0.5100097108614142
overpass720.jpg,overpass/overpass720.jpg,overpass,overpass,True,0.7535065228015895,bridge,0.0879615928448644,0.6655449299567251
overpass721.jpg,overpass/overpass721.jpg,overpass,overpass,True,0.708714684604686,freeway,0.1031213700099589,0.6055933145947271
overpass722.jpg,overpass/overpass722.jpg,overpass,overpass,True,0.6109541663007911,railway,0.1721469746355232,0.43880719166526794
overpass723.jpg,overpass/overpass723.jpg,overpass,overpass,True,0.6896721774813889,railway,0.1647327962453864,0.5249393812360025
overpass724.jpg,overpass/overpass724.jpg,overpass,overpass,True,0.6465789030794429,railway,0.192499704895668,0.45407919818377485
overpass725.jpg,overpass/overpass725.jpg,overpass,overpass,True,0.5142128652379607,railway,0.2189864044162281,0.29522646082173265
overpass726.jpg,overpass/overpass726.jpg,overpass,overpass,True,0.7492669834093894,railway,0.0949990631661521,0.6542679202432372
overpass727.jpg,overpass/overpass727.jpg,overpass,overpass,True,0.8393154982482977,freeway,0.072374150638033,0.7669413476102647
overpass728.jpg,overpass/overpass728.jpg,overpass,overpass,True,0.6657475052120023,freeway,0.150497448773493,0.5152500564385093
overpass729.jpg,overpass/overpass729.jpg,overpass,overpass,True,0.5914730135180851,railway,0.1577276808749478,0.4337453326431373
overpass730.jpg,overpass/overpass730.jpg,overpass,overpass,True,0.6601478807642371,bridge,0.1533980126986868,0.5067498680655503
overpass731.jpg,overpass/overpass731.jpg,overpass,overpass,True,0.7525386228146813,bridge,0.1094979622347514,0.6430406605799299
overpass732.jpg,overpass/overpass732.jpg,overpass,overpass,True,0.7050085105549464,bridge,0.1388735189549084,0.566134991600038
overpass733.jpg,overpass/overpass733.jpg,overpass,overpass,True,0.8054010508120011,bridge,0.0733817701717321,0.732019280640269
overpass734.jpg,overpass/overpass734.jpg,overpass,overpass,True,0.6451666598819755,bridge,0.1584047510112632,0.48676190887071236
overpass735.jpg,overpass/overpass735.jpg,overpass,overpass,True,0.6306672633487614,bridge,0.1877624857597291,0.44290477758903235
overpass736.jpg,overpass/overpass736.jpg,overpass,overpass,True,0.7735426364080915,freeway,0.1036298308882536,0.6699128055198379
overpass737.jpg,overpass/overpass737.jpg,overpass,overpass,True,0.7294658059342357,freeway,0.1218082337387315,0.6076575721955042
overpass738.jpg,overpass/overpass738.jpg,overpass,overpass,True,0.7912022936270608,freeway,0.0898534416040027,0.7013488520230582
overpass739.jpg,overpass/overpass739.jpg,overpass,overpass,True,0.62804894622942,bridge,0.1542019096875423,0.47384703654187765
overpass740.jpg,overpass/overpass740.jpg,overpass,overpass,True,0.7786816820321579,freeway,0.079208454086053,0.6994732279461049
overpass741.jpg,overpass/overpass741.jpg,overpass,overpass,True,0.6856858487322729,railway,0.1466989294204943,0.5389869193117786
overpass742.jpg,overpass/overpass742.jpg,overpass,overpass,True,0.6877388328106604,freeway,0.1148405542931935,0.5728982785174669
overpass743.jpg,overpass/overpass743.jpg,overpass,overpass,True,0.6677132810632324,bridge,0.1178092800524752,0.5499040010107572
overpass744.jpg,overpass/overpass744.jpg,overpass,overpass,True,0.6627868144247917,railway,0.1270106336609769,0.5357761807638148
overpass745.jpg,overpass/overpass745.jpg,overpass,overpass,True,0.809293651679557,railway,0.0869832250885713,0.7223104265909858
overpass746.jpg,overpass/overpass746.jpg,overpass,overpass,True,0.7473158094015517,bridge,0.0896745314337784,0.6576412779677734
overpass747.jpg,overpass/overpass747.jpg,overpass,overpass,True,0.7249271796026425,bridge,0.1177625443134127,0.6071646352892298
overpass748.jpg,overpass/overpass748.jpg,overpass,overpass,True,0.7690206438455044,bridge,0.0849623000550109,0.6840583437904935
overpass749.jpg,overpass/overpass749.jpg,overpass,overpass,True,0.8276540624954238,freeway,0.0639251087870579,0.7637289537083659
overpass750.jpg,overpass/overpass750.jpg,overpass,overpass,True,0.6849440477581296,bridge,0.1312566372179126,0.553687410540217
overpass751.jpg,overpass/overpass751.jpg,overpass,overpass,True,0.6985409049246428,railway,0.123248418648309,0.5752924862763338
overpass752.jpg,overpass/overpass752.jpg,overpass,overpass,True,0.6254595455963109,bridge,0.1622606729769585,0.4631988726193524
overpass753.jpg,overpass/overpass753.jpg,overpass,overpass,True,0.6762748536045675,freeway,0.1295953550919051,0.5466794985126624
overpass754.jpg,overpass/overpass754.jpg,overpass,overpass,True,0.772506408546395,freeway,0.0807741780051339,0.6917322305412611
overpass755.jpg,overpass/overpass755.jpg,overpass,overpass,True,0.7355679990350203,bridge,0.1262564101940342,0.6093115888409861
overpass756.jpg,overpass/overpass756.jpg,overpass,overpass,True,0.6027031880462069,railway,0.156357086357673,0.44634610168853395
overpass757.jpg,overpass/overpass757.jpg,overpass,overpass,True,0.6471952294497036,railway,0.1463035612270738,0.5008916682226299
overpass758.jpg,overpass/overpass758.jpg,overpass,overpass,True,0.6424242208384976,railway,0.2135335062430764,0.42889071459542116
overpass759.jpg,overpass/overpass759.jpg,overpass,overpass,True,0.5848917967854466,railway,0.217047720493838,0.36784407629160853
overpass760.jpg,overpass/overpass760.jpg,overpass,overpass,True,0.8067435827051663,freeway,0.0843540622020524,0.7223895205031139
overpass761.jpg,overpass/overpass761.jpg,overpass,overpass,True,0.6877442502782413,railway,0.1354727839032275,0.5522714663750138
overpass762.jpg,overpass/overpass762.jpg,overpass,overpass,True,0.7609897977908545,railway,0.1077202024647022,0.6532695953261524
overpass763.jpg,overpass/overpass763.jpg,overpass,overpass,True,0.8014480797921608,bridge,0.0730216067344222,0.7284264730577386
overpass764.jpg,overpass/overpass764.jpg,overpass,overpass,True,0.7694097001030102,bridge,0.1002765277157888,0.6691331723872215
overpass765.jpg,overpass/overpass765.jpg,overpass,overpass,True,0.7795250746662602,freeway,0.0935394982043221,0.6859855764619381
overpass766.jpg,overpass/overpass766.jpg,overpass,overpass,True,0.4769747304043856,freeway,0.2463098898354231,0.2306648405689625
overpass767.jpg,overpass/overpass767.jpg,overpass,overpass,True,0.5051518433396962,bridge,0.1725937200452304,0.33255812329446577
overpass768.jpg,overpass/overpass768.jpg,overpass,overpass,True,0.4232338428491881,freeway,0.2309322956731475,0.1923015471760406
overpass769.jpg,overpass/overpass769.jpg,overpass,overpass,True,0.5232970246573619,railway,0.2702307441457115,0.2530662805116504
overpass770.jpg,overpass/overpass770.jpg,overpass,overpass,True,0.7561806748676071,bridge,0.1297944762180373,0.6263861986495698
overpass771.jpg,overpass/overpass771.jpg,overpass,overpass,True,0.7947414275466378,freeway,0.0854191433181584,0.7093222842284794
overpass772.jpg,overpass/overpass772.jpg,overpass,overpass,True,0.7168733280040338,bridge,0.1132912448075199,0.603582083196514
overpass773.jpg,overpass/overpass773.jpg,overpass,overpass,True,0.7675436676778212,freeway,0.082495911716663,0.6850477559611582
overpass774.jpg,overpass/overpass774.jpg,overpass,overpass,True,0.789476568255545,freeway,0.0921606042629317,0.6973159639926133
overpass775.jpg,overpass/overpass775.jpg,overpass,overpass,True,0.7845132691389685,freeway,0.0843198165451694,0.7001934525937991
overpass776.jpg,overpass/overpass776.jpg,overpass,overpass,True,0.5371139210397036,bridge,0.2625034895824797,0.27461043145722386
overpass777.jpg,overpass/overpass777.jpg,overpass,overpass,True,0.7364687360854687,bridge,0.1163880097272557,0.620080726358213
overpass778.jpg,overpass/overpass778.jpg,overpass,overpass,True,0.687237552811331,freeway,0.1687342154572157,0.5185033373541154
overpass779.jpg,overpass/overpass779.jpg,overpass,overpass,True,0.6422844064347496,freeway,0.1860274553057829,0.4562569511289667
overpass780.jpg,overpass/overpass780.jpg,overpass,overpass,True,0.7397165002249961,bridge,0.0990982167182392,0.640618283506757
overpass781.jpg,overpass/overpass781.jpg,overpass,overpass,True,0.7903652663503653,freeway,0.0974881259111544,0.6928771404392109
overpass782.jpg,overpass/overpass782.jpg,overpass,overpass,True,0.7487410427043765,freeway,0.1089453897054242,0.6397956529989522
overpass783.jpg,overpass/overpass783.jpg,overpass,overpass,True,0.7711143257925267,bridge,0.0977690761097326,0.6733452496827941
overpass784.jpg,overpass/overpass784.jpg,overpass,overpass,True,0.8460536436067478,freeway,0.0618447329332888,0.784208910673459
overpass785.jpg,overpass/overpass785.jpg,overpass,overpass,True,0.7015482040266616,freeway,0.1078580440617193,0.5936901599649423
overpass786.jpg,overpass/overpass786.jpg,overpass,overpass,True,0.6963098724343719,freeway,0.1195179575397,0.576791914894672
overpass787.jpg,overpass/overpass787.jpg,overpass,overpass,True,0.7262066507479236,railway,0.12464957616115,0.6015570745867735
overpass788.jpg,overpass/overpass788.jpg,overpass,overpass,True,0.7362490651287887,freeway,0.0959547353974715,0.6402943297313173
overpass789.jpg,overpass/overpass789.jpg,overpass,overpass,True,0.7694110651802939,bridge,0.0923258598650565,0.6770852053152374
overpass790.jpg,overpass/overpass790.jpg,overpass,overpass,True,0.7413188471391317,bridge,0.107865431310812,0.6334534158283196
overpass791.jpg,overpass/overpass791.jpg,overpass,overpass,True,0.73065786430144,freeway,0.1186934827498404,0.6119643815515996
overpass792.jpg,overpass/overpass792.jpg,overpass,overpass,True,0.746742720487717,freeway,0.1180116559904192,0.6287310644972978
overpass793.jpg,overpass/overpass793.jpg,overpass,overpass,True,0.7502318591132922,bridge,0.092537838766776,0.6576940203465161
overpass794.jpg,overpass/overpass794.jpg,overpass,overpass,True,0.7146845943261865,freeway,0.1296172620643171,0.5850673322618694
overpass795.jpg,overpass/overpass795.jpg,overpass,overpass,True,0.6840359906780455,bridge,0.124058742792313,0.5599772478857326
overpass796.jpg,overpass/overpass796.jpg,overpass,overpass,True,0.6618896095680915,bridge,0.1625106561728128,0.4993789533952787
overpass797.jpg,overpass/overpass797.jpg,overpass,overpass,True,0.6570549422776579,freeway,0.1658276109569226,0.4912273313207353
overpass798.jpg,overpass/overpass798.jpg,overpass,overpass,True,0.5146852888245137,freeway,0.3222853054551404,0.1923999833693733
overpass799.jpg,overpass/overpass799.jpg,overpass,overpass,True,0.6565005701403028,bridge,0.1443762537761219,0.5121243163641809
overpass800.jpg,overpass/overpass800.jpg,overpass,overpass,True,0.6213348991966297,freeway,0.1484099796487313,0.4729249195478984
railway701.jpg,railway/railway701.jpg,railway,railway,True,0.5070481953216138,overpass,0.2159351999073051,0.29111299541430874
railway702.jpg,railway/railway702.jpg,railway,railway,True,0.5684171292712566,bridge,0.2290991926756163,0.33931793659564036
railway703.jpg,railway/railway703.jpg,railway,railway,True,0.6806656309119464,freeway,0.19178939650314,0.48887623440880645
railway704.jpg,railway/railway704.jpg,railway,railway,True,0.7258386847104005,overpass,0.1212025741500239,0.6046361105603766
railway705.jpg,railway/railway705.jpg,railway,railway,True,0.7410045057055517,freeway,0.1203742768889098,0.6206302288166419
railway706.jpg,railway/railway706.jpg,railway,railway,True,0.6353064759307513,bridge,0.143616004483202,0.4916904714475493
railway707.jpg,railway/railway707.jpg,railway,railway,True,0.5941443451173148,freeway,0.1720844476453244,0.42205989747199046
railway708.jpg,railway/railway708.jpg,railway,railway,True,0.7787640403959956,bridge,0.1102361921896171,0.6685278482063784
railway709.jpg,railway/railway709.jpg,railway,railway,True,0.7247064060968947,bridge,0.1083922439950141,0.6163141621018806
railway710.jpg,railway/railway710.jpg,railway,railway,True,0.5558705474296142,overpass,0.2062782139745368,0.34959233345507734
railway711.jpg,railway/railway711.jpg,railway,railway,True,0.7412764595858363,freeway,0.1078592637194496,0.6334171958663868
railway712.jpg,railway/railway712.jpg,railway,railway,True,0.784160279340823,freeway,0.0866349395255734,0.6975253398152496
railway713.jpg,railway/railway713.jpg,railway,railway,True,0.7209784082417744,freeway,0.1171210801152035,0.6038573281265709
railway714.jpg,railway/railway714.jpg,railway,overpass,False,0.3976784997622386,railway,0.2422545693241424,0.15542393043809621
railway715.jpg,railway/railway715.jpg,railway,railway,True,0.8174182487930496,freeway,0.078693362293493,0.7387248864995566
railway716.jpg,railway/railway716.jpg,railway,railway,True,0.7717354549926162,freeway,0.1005796414205114,0.6711558135721047
railway717.jpg,railway/railway717.jpg,railway,railway,True,0.5175300255222121,bridge,0.1868341927022991,0.330695832819913
railway718.jpg,railway/railway718.jpg,railway,railway,True,0.7004076585299481,freeway,0.1169560232824745,0.5834516352474737
railway719.jpg,railway/railway719.jpg,railway,railway,True,0.7304795893391227,freeway,0.1288835881061258,0.601596001232997
railway720.jpg,railway/railway720.jpg,railway,railway,True,0.6021739486447181,bridge,0.1947185007651533,0.4074554478795648
railway721.jpg,railway/railway721.jpg,railway,railway,True,0.8085692754599708,freeway,0.0845449625730658,0.724024312886905
railway722.jpg,railway/railway722.jpg,railway,railway,True,0.601975665939293,overpass,0.1743526727995676,0.4276229931397254
railway723.jpg,railway/railway723.jpg,railway,railway,True,0.7889445267690717,freeway,0.097312883848927,0.6916316429201447
railway724.jpg,railway/railway724.jpg,railway,railway,True,0.7950295890514901,freeway,0.0854501201312758,0.7095794689202143
railway725.jpg,railway/railway725.jpg,railway,railway,True,0.6829912268877829,bridge,0.1205048774702478,0.5624863494175352
railway726.jpg,railway/railway726.jpg,railway,railway,True,0.6653464939232274,freeway,0.124038124897612,0.5413083690256154
railway727.jpg,railway/railway727.jpg,railway,railway,True,0.798294668027543,freeway,0.1040410893667174,0.6942535786608256
railway728.jpg,railway/railway728.jpg,railway,railway,True,0.6831155192448216,freeway,0.1544236292632881,0.5286918899815335
railway729.jpg,railway/railway729.jpg,railway,railway,True,0.737492495697118,freeway,0.113384226500956,0.6241082691961619
railway730.jpg,railway/railway730.jpg,railway,railway,True,0.6582276949634132,bridge,0.1487975344291715,0.5094301605342416
railway731.jpg,railway/railway731.jpg,railway,bridge,False,0.410405909884062,railway,0.3203196306184078,0.09008627926565421
railway732.jpg,railway/railway732.jpg,railway,railway,True,0.6576703729709992,overpass,0.1226070863028076,0.5350632866681916
railway733.jpg,railway/railway733.jpg,railway,railway,True,0.7348760186358576,freeway,0.1161363025203605,0.618739716115497
railway734.jpg,railway/railway734.jpg,railway,railway,True,0.7475257008057948,bridge,0.1248239309083344,0.6227017698974604
railway735.jpg,railway/railway735.jpg,railway,railway,True,0.6182249846275146,bridge,0.169464367010619,0.4487606176168956
railway736.jpg,railway/railway736.jpg,railway,bridge,False,0.3817530712710134,railway,0.3326504096479377,0.049102661623075694
railway737.jpg,railway/railway737.jpg,railway,railway,True,0.6088397497410918,bridge,0.1536590498753087,0.4551806998657831
railway738.jpg,railway/railway738.jpg,railway,railway,True,0.5643971425977059,bridge,0.2403582252935305,0.32403891730417544
railway739.jpg,railway/railway739.jpg,railway,railway,True,0.6569883416023803,bridge,0.1405592487713903,0.51642909283099
railway740.jpg,railway/railway740.jpg,railway,railway,True,0.6031617568121744,bridge,0.1699513149138939,0.4332104418982805
railway741.jpg,railway/railway741.jpg,railway,railway,True,0.7524801483387749,bridge,0.0878417724119085,0.6646383759268664
railway742.jpg,railway/railway742.jpg,railway,railway,True,0.6276157341910558,overpass,0.1720385194542086,0.4555772147368472
railway743.jpg,railway/railway743.jpg,railway,railway,True,0.6877763297139254,bridge,0.1148468053628955,0.57292952435103
railway744.jpg,railway/railway744.jpg,railway,railway,True,0.7135259597847329,bridge,0.1038214288764771,0.6097045309082558
railway745.jpg,railway/railway745.jpg,railway,railway,True,0.6484040866723555,bridge,0.1465768285218236,0.5018272581505319
railway746.jpg,railway/railway746.jpg,railway,railway,True,0.6703312040333733,bridge,0.1474178605039529,0.5229133435294204
railway747.jpg,railway/railway747.jpg,railway,railway,True,0.6254233429955158,bridge,0.1762239171147686,0.44919942588074724
railway748.jpg,railway/railway748.jpg,railway,railway,True,0.8270511823964524,freeway,0.0753543599552627,0.7516968224411896
railway749.jpg,railway/railway749.jpg,railway,railway,True,0.6732041108992275,bridge,0.1480496642765403,0.5251544466226872
railway750.jpg,railway/railway750.jpg,railway,railway,True,0.5955764594937782,bridge,0.1632560948650503,0.4323203646287279
railway751.jpg,railway/railway751.jpg,railway,railway,True,0.6711461409514953,bridge,0.1647833542417678,0.5063627867097275
railway752.jpg,railway/railway752.jpg,railway,railway,True,0.5789683927977572,overpass,0.1587035724959616,0.4202648203017957
railway753.jpg,railway/railway753.jpg,railway,railway,True,0.6689226263147037,freeway,0.1281864428460538,0.5407361834686499
railway754.jpg,railway/railway754.jpg,railway,railway,True,0.674422050766933,freeway,0.1292402945014501,0.5451817562654828
railway755.jpg,railway/railway755.jpg,railway,railway,True,0.7485080491760239,overpass,0.0949028398129475,0.6536052093630764
railway756.jpg,railway/railway756.jpg,railway,railway,True,0.726656043542941,overpass,0.1086838488757249,0.6179721946672161
railway757.jpg,railway/railway757.jpg,railway,railway,True,0.6916802071872565,bridge,0.140052003419669,0.5516282037675875
railway758.jpg,railway/railway758.jpg,railway,railway,True,0.6876275547952465,bridge,0.12471010994156,0.5629174448536866
railway759.jpg,railway/railway759.jpg,railway,railway,True,0.5874103873588379,bridge,0.1797666296336243,0.40764375772521355
railway760.jpg,railway/railway760.jpg,railway,railway,True,0.3902472808234638,bridge,0.2728187544661432,0.11742852635732065
railway761.jpg,railway/railway761.jpg,railway,railway,True,0.7509768180317313,overpass,0.1006067370959632,0.6503700809357681
railway762.jpg,railway/railway762.jpg,railway,railway,True,0.7013737362810132,bridge,0.1344050838516351,0.5669686524293781
railway763.jpg,railway/railway763.jpg,railway,railway,True,0.617594206121964,overpass,0.1516350154619662,0.4659591906599978
railway764.jpg,railway/railway764.jpg,railway,railway,True,0.6859017982780011,bridge,0.1314401799161811,0.5544616183618201
railway765.jpg,railway/railway765.jpg,railway,railway,True,0.818766794861215,overpass,0.0725733690174963,0.7461934258437186
railway766.jpg,railway/railway766.jpg,railway,railway,True,0.7615630717656683,bridge,0.0913841387519206,0.6701789330137476
railway767.jpg,railway/railway767.jpg,railway,railway,True,0.8005028053852804,bridge,0.0814281327507704,0.71907467263451
railway768.jpg,railway/railway768.jpg,railway,railway,True,0.6781619974611373,bridge,0.1264272669200234,0.5517347305411139
railway769.jpg,railway/railway769.jpg,railway,railway,True,0.59581411272239,bridge,0.1926619891563478,0.40315212356604224
railway770.jpg,railway/railway770.jpg,railway,railway,True,0.4930463769239123,bridge,0.2546092927835465,0.2384370841403658
railway771.jpg,railway/railway771.jpg,railway,railway,True,0.7659085551271363,overpass,0.0944714854467894,0.6714370696803469
railway772.jpg,railway/railway772.jpg,railway,railway,True,0.798395739448007,bridge,0.0812137921435734,0.7171819473044336
railway773.jpg,railway/railway773.jpg,railway,railway,True,0.7503084376228124,bridge,0.0925472843930593,0.6577611532297531
railway774.jpg,railway/railway774.jpg,railway,railway,True,0.7331096947459623,bridge,0.1190917744978133,0.614017920248149
railway775.jpg,railway/railway775.jpg,railway,railway,True,0.687710674272753,bridge,0.1354661740938857,0.5522445001788673
railway776.jpg,railway/railway776.jpg,railway,railway,True,0.6623494937355701,bridge,0.1497292926848751,0.512620201050695
railway777.jpg,railway/railway777.jpg,railway,railway,True,0.6639590605521529,bridge,0.1171469039012076,0.5468121566509453
railway778.jpg,railway/railway778.jpg,railway,railway,True,0.705011011486546,overpass,0.1054464701368758,0.5995645413496702
railway779.jpg,railway/railway779.jpg,railway,railway,True,0.7918556752302849,freeway,0.0874851462411054,0.7043705289891795
railway780.jpg,railway/railway780.jpg,railway,railway,True,0.8121757015717848,freeway,0.0781886613479466,0.7339870402238382
railway781.jpg,railway/railway781.jpg,railway,railway,True,0.4930832546903896,freeway,0.178008639886049,0.3150746148043406
railway782.jpg,railway/railway782.jpg,railway,railway,True,0.8117628147712275,freeway,0.1029228788507147,0.7088399359205128
railway783.jpg,railway/railway783.jpg,railway,railway,True,0.6519554713654717,freeway,0.1557239072878936,0.4962315640775781
railway784.jpg,railway/railway784.jpg,railway,railway,True,0.779335809988261,freeway,0.0837633410552941,0.695572468932967
railway785.jpg,railway/railway785.jpg,railway,railway,True,0.5056866240502164,bridge,0.2915436132262358,0.21414301082398057
railway786.jpg,railway/railway786.jpg,railway,railway,True,0.7148646291986656,bridge,0.1011910592798348,0.6136735699188307
railway787.jpg,railway/railway787.jpg,railway,railway,True,0.7826396292039242,freeway,0.0841184369359143,0.6985211922680099
railway788.jpg,railway/railway788.jpg,railway,railway,True,0.7255316857919121,freeway,0.1115453337135812,0.6139863520783309
railway789.jpg,railway/railway789.jpg,railway,railway,True,0.4796327890344362,freeway,0.1829563468168542,0.296676442217582
railway790.jpg,railway/railway790.jpg,railway,railway,True,0.8208988210873333,freeway,0.0688634800492196,0.7520353410381136
railway791.jpg,railway/railway791.jpg,railway,railway,True,0.8333391718286093,freeway,0.1246401515750096,0.7086990202535997
railway792.jpg,railway/railway792.jpg,railway,railway,True,0.5234251640117336,freeway,0.2355301922216086,0.28789497179012496
railway793.jpg,railway/railway793.jpg,railway,railway,True,0.6782247990418231,overpass,0.1411615936312111,0.5370632054106119
railway794.jpg,railway/railway794.jpg,railway,railway,True,0.8264412924566389,freeway,0.0752987949756293,0.7511424974810096
railway795.jpg,railway/railway795.jpg,railway,railway,True,0.6730259835871798,overpass,0.1439904191083706,0.5290355644788092
railway796.jpg,railway/railway796.jpg,railway,railway,True,0.5570356196708846,bridge,0.195634253833142,0.3614013658377425
railway797.jpg,railway/railway797.jpg,railway,railway,True,0.6275348741555352,bridge,0.1673442686844867,0.4601906054710485
railway798.jpg,railway/railway798.jpg,railway,railway,True,0.6855408295085632,overpass,0.1176695110013599,0.5678713185072033
railway799.jpg,railway/railway799.jpg,railway,railway,True,0.7454494684595715,overpass,0.0919479571479226,0.6535015113116489
railway800.jpg,railway/railway800.jpg,railway,railway,True,0.7207456700891692,freeway,0.1541998146619655,0.5665458554272037
